2134271058,amehmood,2016-05-23,CARD_PURCHASE
2134271059,amehmood,2016-05-23,USE_QUOTE
2134271060,amehmood-purse1,2016-05-23,ADD_PURSE
2134271061,amehmood-purse2,2016-05-23,ADD_PURSE
2134271062,amehmood,2016-05-23,CARD_PURCHASE
2134271063,amehmood,2016-05-23,USE_QUOTE
2134271064,amehmood,2016-05-23,CARD_PURCHASE
2134271065,amehmood,2016-05-23,SW_DEPOSIT
2134271066,amehmood,2016-05-23,ADD_PURSE
2134271067,amehmood,2016-05-23,USE_QUOTE
2134271068,amehmood-purse1,2016-05-23,ADD_PURSE
2134271069,amehmood-purse2,2016-05-23,ADD_PURSE
2134271070,amehmood,2016-05-23,NEW_CARD_PO
2134271071,Rainy Day,2016-05-23,MOBILE_LOGIN
2134271072,Rainy Day,2016-05-23,ATM_BI
2134271073,Rainy Day,2016-05-23,ATM_BI
2134271074,Gift Program,2016-05-23,ATM_BI
2134271075,Gift Program,2016-05-23,GET_CARD_CVV2
2134271076,amehmood,2016-05-23,GET_QUOTE
2134271078,amehmood,2016-05-23,USE_QUOTE
2134271079,amehmood,2016-05-23,SW_DEPOSIT
2134271080,amehmood,2016-05-23,ADD_PURSE
2134271081,amehmood,2016-05-23,CARD_PURCHASE
2134271082,amehmood,2016-05-23,USE_QUOTE
2134271083,amehmood-purse1,2016-05-23,ADD_PURSE
2134271084,amehmood-purse2,2016-05-23,ADD_PURSE
2134271085,amehmood,2016-05-23,CARD_PURCHASE
2134271096,amehmood,2016-05-23,REVERSAL
2134271108,SMI-NF6,2016-05-23,POS_SPUR
2134271109,SMI-NF8,2016-05-23,ATM_WITHD
2134271110,SMI-NF8,2016-05-23,ATM_WITHD
2134271111,SMI-NF5,2016-05-23,POS_SPUR
2134271112,SMI-NF8,2016-05-23,ATM_WITHD
2134271113,SMI-NF8,2016-05-23,ATM_WITHD
2134271114,SMI-NF6,2016-05-23,POS_SPUR
2134271115,SMI-NF6,2016-05-23,POS_SPUR
2134271116,amehmood,2016-05-23,NEW_CARD_PO
2134271117,SMI-NF5,2016-05-23,POS_SPUR
2134271118,SMI-NF7,2016-05-23,POS_SPUR
2134271119,SMI-NF7,2016-05-23,POS_SPUR
2134271120,SMI-NF7,2016-05-23,POS_SPUR
2134271121,SMI-NF5,2016-05-23,POS_SPUR
2134271122,SMI-NF7,2016-05-23,POS_SPUR
2134271123,SMI-NF7,2016-05-23,POS_SPUR
2134271125,Rainy Day,2016-05-23,MOBILE_LOGIN
2134271127,Rainy Day,2016-05-23,ATM_BI
2134271128,Rainy Day,2016-05-23,ATM_BI
2134271129,Gift Program,2016-05-23,ATM_BI
2134271130,Gift Program,2016-05-23,GET_CARD_CVV2
2134271133,MCP3.1,2016-05-23,WS_BI
2134271134,MCP3.1,2016-05-23,WS_BI
2134271135,Rainy Day,2016-05-23,MOBILE_LOGIN
2134271136,Rainy Day,2016-05-23,ATM_BI
2134271137,MCP3.1,2016-05-23,WS_BI
2134271138,Gift Program,2016-05-23,GET_CARD_CVV2
2134271139,MCP3.1,2016-05-23,WS_BI
2134271145,MCP3.1,2016-05-23,WS_BI
2134271148,Rainy Day,2016-05-23,SEND_PAYMENT
2134271160,MCP3.1,2016-05-23,WS_BI
2134271161,MCP3.1,2016-05-23,WS_BI
2134271164,MCP3.1,2016-05-23,WS_BI
2134271167,MCP3.1,2016-05-23,WS_BI
2134271171,Rainy Day,2016-05-23,MOBILE_LOGIN
2134271172,Rainy Day,2016-05-23,ATM_BI
2134271173,Rainy Day,2016-05-23,ATM_BI
2134271174,Rainy Day,2016-05-23,GET_CARD_CVV2
2134271175,Rainy Day,2016-05-23,GET_CARD_CVV2
2134271176,Gift Program,2016-05-23,ATM_BI
2134271177,Gift Program,2016-05-23,GET_CARD_CVV2
2134271178,SMI-NF8,2016-05-23,POS_SPUR
2134271179,SMI-NF8,2016-05-23,POS_SPUR
2134271180,SMI-NF5,2016-05-23,POS_SPUR_DCL
2134271181,SMI-NF5,2016-05-23,POS_SPUR_DCL
2134271182,SMI-NF11,2016-05-23,POS_SPUR
2134271183,SMI-NF11,2016-05-23,POS_SPUR_DCL
2134271184,SMI-NF11,2016-05-23,POS_SPUR_DCL
2134271185,SMI-NF9,2016-05-23,POS_SPUR_DCL
2134271186,SMI-NF9,2016-05-23,POS_SPUR_DCL
2134271187,SMI-NF10,2016-05-23,POS_SPUR
2134271188,SMI-NF10,2016-05-23,POS_SPUR
2134271189,SMI-NF12,2016-05-23,POS_SPUR
2134271190,SMI-NF12,2016-05-23,POS_SPUR
2134271191,SMI-NF10,2016-05-23,POS_SPUR_DCL
2134271192,SMI-NF12,2016-05-23,POS_S_PMT_DCL
2134271193,SMI-NF10,2016-05-23,POS_SPUR_DCL
2134271194,SMI-NF12,2016-05-23,POS_S_PMT_DCL
2134271195,SMI-NF10,2016-05-23,POS_S_PMT_DCL
2134271196,SMI-NF13,2016-05-23,ATM_WITHD
2134271197,SMI-NF10,2016-05-23,POS_S_PMT_DCL
2134271198,SMI-NF13,2016-05-23,ATM_WITHD
2134271199,SMI-NF14,2016-05-23,POS_SPUR
2134271200,SMI-NF14,2016-05-23,POS_SPUR
2134271201,SMI-NF13,2016-05-23,POS_SPUR_DCL
2134271202,SMI-NF13,2016-05-23,POS_SPUR_DCL
2134271203,Rainy Day,2016-05-23,MOBILE_LOGIN
2134271204,Rainy Day,2016-05-23,ATM_BI
2134271205,SMI-NF7,2016-05-23,ATM_WITHD
2134271206,SMI-NF7,2016-05-23,ATM_WITHD
2134271207,Gift Program,2016-05-23,GET_CARD_CVV2
2134271208,SMI-NF5,2016-05-23,POS_SPUR_M
2134271209,SMI-NF5,2016-05-23,POS_SPUR_M
2134271210,SMI-NF5,2016-05-23,POS_SPUR_M
2134271211,Rainy Day,2016-05-23,TRANS_HISTORY_ADV
2134271212,Rainy Day,2016-05-23,MOBILE_LOGIN
2134271213,Rainy Day,2016-05-23,ATM_BI
2134271214,Rainy Day,2016-05-23,ATM_BI
2134271215,Gift Program,2016-05-23,ATM_BI
2134271216,Gift Program,2016-05-23,GET_CARD_CVV2
2134271217,Rainy Day,2016-05-23,MOBILE_LOGIN
2134271218,Rainy Day,2016-05-23,ATM_BI
2134271219,Gift Program,2016-05-23,GET_CARD_CVV2
2134271220,Rainy Day,2016-05-23,TRANS_HISTORY_ADV
2134271221,an002,2016-05-23,WS_BI
2134271222,an002,2016-05-23,WS_BI
2134271223,an002,2016-05-23,WS_BI
2134271224,SSCPA,2016-05-23,WS_BI
2134271225,qais,2016-05-23,WS_BI
2134271226,Rainy Day,2016-05-23,MOBILE_LOGIN
2134271227,Rainy Day,2016-05-23,ATM_BI
2134271228,Gift Program,2016-05-23,GET_CARD_CVV2
2134271230,Rainy Day,2016-05-23,TRANS_HISTORY_ADV
2134271231,Rainy Day,2016-05-23,MOBILE_LOGIN
2134271232,Rainy Day,2016-05-23,ATM_BI
2134271233,Rainy Day,2016-05-23,ATM_BI
2134271234,Gift Program,2016-05-23,ATM_BI
2134271235,Gift Program,2016-05-23,GET_CARD_CVV2
2134271236,Rainy Day,2016-05-23,MOBILE_LOGIN
2134271237,Rainy Day,2016-05-23,TRANS_HISTORY_ADV
2134271238,SMI-NF11,2016-05-23,POS_SPUR_DCL
2134271239,SMI-NF11,2016-05-23,POS_SPUR_DCL
2134271240,SMI-NF11,2016-05-23,POS_SPUR_DCL
2134271241,SMI-NF11,2016-05-23,POS_SPUR_DCL
2134271242,SMI-NF9,2016-05-23,POS_SPUR_DCL
2134271243,SMI-NF9,2016-05-23,POS_SPUR_DCL
2134271244,SMI-NF10,2016-05-23,POS_SPUR_DCL
2134271245,SMI-NF10,2016-05-23,POS_SPUR_DCL
2134271246,SMI-NF12,2016-05-23,POS_SPUR_DCL
2134271247,SMI-NF12,2016-05-23,POS_SPUR_DCL
2134271248,SMI-NF10,2016-05-23,POS_SPUR_DCL
2134271249,SMI-NF12,2016-05-23,POS_S_PMT_DCL
2134271250,SMI-NF10,2016-05-23,POS_SPUR_DCL
2134271251,SMI-NF12,2016-05-23,POS_S_PMT_DCL
2134271252,SMI-NF13,2016-05-23,ATM_WITHD_DCL
2134271253,SMI-NF10,2016-05-23,POS_S_PMT_DCL
2134271254,SMI-NF10,2016-05-23,POS_S_PMT_DCL
2134271255,SMI-NF13,2016-05-23,ATM_WITHD_DCL
2134271256,SMI-NF14,2016-05-23,POS_SPUR_DCL
2134271257,SMI-NF14,2016-05-23,POS_SPUR_DCL
2134271258,SMI-NF13,2016-05-23,POS_SPUR_DCL
2134271259,SMI-NF13,2016-05-23,POS_SPUR_DCL
2134271260,SMI-NF5,2016-05-23,POS_SPUR_M
2134271261,SMI-NF7,2016-05-23,ATM_WITHD_DCL
2134271262,SMI-NF7,2016-05-23,ATM_WITHD_DCL
2134271263,Rainy Day,2016-05-23,MOBILE_LOGIN
2134271264,SMI-NF5,2016-05-23,POS_SPUR_M
2134271265,SMI-NF5,2016-05-23,POS_SPUR_M
2134271266,Rainy Day,2016-05-23,TRANS_HISTORY_ADV
2134271267,SMI-NF14,2016-05-23,POS_SPUR
2134271268,Rainy Day,2016-05-23,TRANS_HISTORY_ADV
2134271269,mnasir-QA,2016-05-23,WS_WITHD
2134271270,mnasir-QA,2016-05-23,WS_WITHD
2134271271,mnasir-QA,2016-05-23,WS_WITHD
2134271272,SMI-NF14,2016-05-23,POS_SPUR
2134271273,SMI-NF14,2016-05-23,POS_SPUR
2134271274,SMI-NF14,2016-05-23,POS_SPUR
2134271275,SMI-NF14,2016-05-23,POS_SPUR
2134271276,SMI-NF14,2016-05-23,POS_SPUR
2134271277,SMI-NF14,2016-05-23,PW_COUPONS
2134271278,SMI-NF14,2016-05-23,POS_SPUR
2134271279,SMI-NF14,2016-05-23,POS_SPUR
2134271280,SMI-NF14,2016-05-23,ATM_WITHD
2134271281,SMI-NF14,2016-05-23,ATM_WITHD
2134271282,SMI-NF13,2016-05-23,POS_SPUR
2134271283,SMI-NF14,2016-05-23,POS_SPUR
2134271284,SMI-NF13,2016-05-23,POS_SPUR
2134271285,SMI-NF13,2016-05-23,POS_SPUR
2134271286,SMI-NF13,2016-05-23,POS_SPUR
2134271287,SMI-NF14,2016-05-23,POS_SPUR
2134271288,SMI-NF14,2016-05-23,POS_SPUR
2134271293,Rainy Day,2016-05-23,MOBILE_LOGIN
2134271294,Rainy Day,2016-05-23,MOBILE_LOGIN
2134271295,Rainy Day,2016-05-23,MOBILE_LOGIN
2134271296,Rainy Day,2016-05-23,MOBILE_LOGIN
2134271297,Rainy Day,2016-05-23,MOBILE_LOGIN
2134271298,Rainy Day,2016-05-23,MOBILE_LOGIN
2134271299,Rainy Day,2016-05-23,MOBILE_LOGIN
2134271300,Rainy Day,2016-05-23,MOBILE_LOGIN
2134271301,Rainy Day,2016-05-23,ATM_BI
2134271302,Gift Program,2016-05-23,GET_CARD_CVV2
2134271303,Rainy Day,2016-05-23,MOBILE_LOGIN
2134271304,Rainy Day,2016-05-23,ATM_BI
2134271306,SSCPA,2016-05-23,ATM_BI
2134271307,SSCPA,2016-05-23,ATM_BI
2134271308,SSCPA,2016-05-23,GET_CARD_CVV2
2134271309,SSCPA,2016-05-23,GET_CARD_CVV2
2134271310,SSCPA,2016-05-23,GET_CARD_CVV2
2134271311,SSCPA,2016-05-23,GET_CARD_CVV2
2134271313,SPurse-05,2016-05-23,GET_CARD_CVV2
2134271314,Test_07,2016-05-23,GET_CARD_CVV2
2134271315,Test_07,2016-05-23,GET_CARD_CVV2
2134271316,MOB_SUP_4,2016-05-23,GET_CARD_CVV2
2134271317,MOB_SUP_4,2016-05-23,GET_CARD_CVV2
2134271318,Mob_Pur_01,2016-05-23,GET_CARD_CVV2
2134271319,Mob_Pur_01,2016-05-23,GET_CARD_CVV2
2134271320,MOB_CAD,2016-05-23,GET_CARD_CVV2
2134271321,MOB_CAD,2016-05-23,GET_CARD_CVV2
2134271322,PQR_NF_29,2016-05-23,GET_CARD_CVV2
2134271323,PQR_NF_29,2016-05-23,GET_CARD_CVV2
2134271324,SSCPA,2016-05-23,GET_CARD_CVV2
2134271325,SSCPA,2016-05-23,GET_CARD_CVV2
2134271326,SSCPA,2016-05-23,GET_CARD_CVV2
2134271327,SSCPA,2016-05-23,GET_CARD_CVV2
2134271328,SSCPA,2016-05-23,GET_CARD_CVV2
2134271329,SSCPA,2016-05-23,GET_CARD_CVV2
2134271330,SSCPA,2016-05-23,GET_CARD_CVV2
2134271331,SSCPA,2016-05-23,GET_CARD_CVV2
2134271332,SSCPA,2016-05-23,GET_CARD_CVV2
2134271333,SSCPA,2016-05-23,GET_CARD_CVV2
2134271334,SSCPA,2016-05-23,GET_CARD_CVV2
2134271335,SSCPA,2016-05-23,GET_CARD_CVV2
2134271336,SSCPA,2016-05-23,GET_CARD_CVV2
2134271337,SSCPA,2016-05-23,GET_CARD_CVV2
2134271339,SSCPA,2016-05-23,GET_CARD_CVV2
2134271340,SSCPA,2016-05-23,GET_CARD_CVV2
2134271341,Instant Issue,2016-05-23,GET_CARD_CVV2
2134271342,Instant Issue,2016-05-23,GET_CARD_CVV2
2134271343,Flex Cash,2016-05-23,GET_CARD_CVV2
2134271344,Flex Cash,2016-05-23,GET_CARD_CVV2
2134271345,SSCPA,2016-05-23,GET_CARD_CVV2
2134271346,SSCPA,2016-05-23,GET_CARD_CVV2
2134271347,Rainy Day,2016-05-23,MOBILE_LOGIN
2134271348,SSCPA,2016-05-23,GET_CARD_CVV2
2134271349,SSCPA,2016-05-23,GET_CARD_CVV2
2134271350,Rainy Day,2016-05-23,ATM_BI
2134271351,SSCPA,2016-05-23,GET_CARD_CVV2
2134271352,SSCPA,2016-05-23,GET_CARD_CVV2
2134271353,Gift Program,2016-05-23,GET_CARD_CVV2
2134271354,SSCPA,2016-05-23,GET_CARD_CVV2
2134271355,SSCPA,2016-05-23,GET_CARD_CVV2
2134271356,SMI-NF13,2016-05-23,POS_SPUR
2134271357,SMI-NF13,2016-05-23,POS_SPUR
2134271358,SSCPA,2016-05-23,GET_CARD_CVV2
2134271359,SSCPA,2016-05-23,GET_CARD_CVV2
2134271361,SPurse-05,2016-05-23,GET_CARD_CVV2
2134271362,Test_07,2016-05-23,GET_CARD_CVV2
2134271363,Test_07,2016-05-23,GET_CARD_CVV2
2134271365,MOB_SUP_4,2016-05-23,GET_CARD_CVV2
2134271366,MOB_SUP_4,2016-05-23,GET_CARD_CVV2
2134271367,SSCPA,2016-05-23,GET_CARD_CVV2
2134271368,SSCPA,2016-05-23,GET_CARD_CVV2
2134271369,SPurse-01,2016-05-23,GET_CARD_CVV2
2134271371,MC-CP0211,2016-05-23,GET_CARD_CVV2
2134271372,MC-CP0211,2016-05-23,GET_CARD_CVV2
2134271373,an003,2016-05-23,GET_CARD_CVV2
2134271374,Rainy Day,2016-05-23,TRANS_HISTORY_ADV
2134271375,SMI-NF14,2016-05-23,POS_SPUR_DL_NSF
2134271376,SMI-NF14,2016-05-23,POS_SPUR_DL_NSF
2134271377,mnasir-QA,2016-05-23,WS_WITHD
2134271378,Rainy Day,2016-05-23,TRANS_HISTORY_ADV
2134271379,Rainy Day,2016-05-23,MOBILE_LOGIN
2134271380,null,2016-05-23,MOBILE_LOGIN
2134271381,Rainy Day,2016-05-23,MOBILE_LOGIN
2134271382,Rainy Day,2016-05-23,ATM_BI
2134271384,SSCPA,2016-05-23,ATM_BI
2134271385,SSCPA,2016-05-23,ATM_BI
2134271386,SSCPA,2016-05-23,GET_CARD_CVV2
2134271387,SSCPA,2016-05-23,GET_CARD_CVV2
2134271388,SSCPA,2016-05-23,GET_CARD_CVV2
2134271389,SSCPA,2016-05-23,GET_CARD_CVV2
2134271391,SPurse-05,2016-05-23,GET_CARD_CVV2
2134271392,Test_07,2016-05-23,GET_CARD_CVV2
2134271393,Test_07,2016-05-23,GET_CARD_CVV2
2134271394,MOB_SUP_4,2016-05-23,GET_CARD_CVV2
2134271395,MOB_SUP_4,2016-05-23,GET_CARD_CVV2
2134271396,Mob_Pur_01,2016-05-23,GET_CARD_CVV2
2134271397,Mob_Pur_01,2016-05-23,GET_CARD_CVV2
2134271398,MOB_CAD,2016-05-23,GET_CARD_CVV2
2134271399,MOB_CAD,2016-05-23,GET_CARD_CVV2
2134271400,PQR_NF_29,2016-05-23,GET_CARD_CVV2
2134271401,PQR_NF_29,2016-05-23,GET_CARD_CVV2
2134271402,mnasir-QA,2016-05-23,WS_WITHD
2134271403,SSCPA,2016-05-23,GET_CARD_CVV2
2134271404,SSCPA,2016-05-23,GET_CARD_CVV2
2134271405,SSCPA,2016-05-23,GET_CARD_CVV2
2134271406,SSCPA,2016-05-23,GET_CARD_CVV2
2134271407,SSCPA,2016-05-23,GET_CARD_CVV2
2134271408,SSCPA,2016-05-23,GET_CARD_CVV2
2134271409,SSCPA,2016-05-23,GET_CARD_CVV2
2134271410,SSCPA,2016-05-23,GET_CARD_CVV2
2134271411,SMI-NF14,2016-05-23,POS_SPUR_DL_NSF
2134271412,SSCPA,2016-05-23,GET_CARD_CVV2
2134271413,SSCPA,2016-05-23,GET_CARD_CVV2
2134271414,SSCPA,2016-05-23,GET_CARD_CVV2
2134271415,SSCPA,2016-05-23,GET_CARD_CVV2
2134271416,SSCPA,2016-05-23,GET_CARD_CVV2
2134271417,SSCPA,2016-05-23,GET_CARD_CVV2
2134271419,SSCPA,2016-05-23,GET_CARD_CVV2
2134271420,SSCPA,2016-05-23,GET_CARD_CVV2
2134271421,Instant Issue,2016-05-23,GET_CARD_CVV2
2134271422,Instant Issue,2016-05-23,GET_CARD_CVV2
2134271423,Flex Cash,2016-05-23,GET_CARD_CVV2
2134271424,Flex Cash,2016-05-23,GET_CARD_CVV2
2134271425,SSCPA,2016-05-23,GET_CARD_CVV2
2134271426,SSCPA,2016-05-23,GET_CARD_CVV2
2134271427,SSCPA,2016-05-23,GET_CARD_CVV2
2134271428,SSCPA,2016-05-23,GET_CARD_CVV2
2134271429,SSCPA,2016-05-23,GET_CARD_CVV2
2134271430,SSCPA,2016-05-23,GET_CARD_CVV2
2134271431,SSCPA,2016-05-23,GET_CARD_CVV2
2134271432,SSCPA,2016-05-23,GET_CARD_CVV2
2134271433,SSCPA,2016-05-23,GET_CARD_CVV2
2134271434,SSCPA,2016-05-23,GET_CARD_CVV2
2134271436,SPurse-05,2016-05-23,GET_CARD_CVV2
2134271437,Test_07,2016-05-23,GET_CARD_CVV2
2134271438,Test_07,2016-05-23,GET_CARD_CVV2
2134271440,MOB_SUP_4,2016-05-23,GET_CARD_CVV2
2134271441,MOB_SUP_4,2016-05-23,GET_CARD_CVV2
2134271442,SSCPA,2016-05-23,GET_CARD_CVV2
2134271443,SSCPA,2016-05-23,GET_CARD_CVV2
2134271444,SPurse-01,2016-05-23,GET_CARD_CVV2
2134271446,MC-CP0211,2016-05-23,GET_CARD_CVV2
2134271447,MC-CP0211,2016-05-23,GET_CARD_CVV2
2134271448,an003,2016-05-23,GET_CARD_CVV2
2134271451,Rainy Day,2016-05-23,MOBILE_LOGIN
2134271455,Rainy Day,2016-05-23,MOBILE_LOGIN
2134271457,Rainy Day,2016-05-23,ATM_BI
2134271460,SSCPA,2016-05-23,ATM_BI
2134271461,SSCPA,2016-05-23,ATM_BI
2134271465,Rainy Day,2016-05-23,MOBILE_LOGIN
2134271467,Rainy Day,2016-05-23,ATM_BI
2134271469,Gift Program,2016-05-23,GET_CARD_CVV2
2134271472,SSCPA,2016-05-23,GET_CARD_CVV2
2134271473,Rainy Day,2016-05-23,TRANS_HISTORY_ADV
2134271474,SSCPA,2016-05-23,GET_CARD_CVV2
2134271476,SSCPA,2016-05-23,GET_CARD_CVV2
2134271477,Rainy Day,2016-05-23,TRANS_HISTORY_ADV
2134271478,SSCPA,2016-05-23,GET_CARD_CVV2
2134271480,SPurse-05,2016-05-23,GET_CARD_CVV2
2134271481,Test_07,2016-05-23,GET_CARD_CVV2
2134271482,Test_07,2016-05-23,GET_CARD_CVV2
2134271483,MOB_SUP_4,2016-05-23,GET_CARD_CVV2
2134271484,MOB_SUP_4,2016-05-23,GET_CARD_CVV2
2134271485,Mob_Pur_01,2016-05-23,GET_CARD_CVV2
2134271486,Mob_Pur_01,2016-05-23,GET_CARD_CVV2
2134271487,MOB_CAD,2016-05-23,GET_CARD_CVV2
2134271488,MOB_CAD,2016-05-23,GET_CARD_CVV2
2134271489,PQR_NF_29,2016-05-23,GET_CARD_CVV2
2134271490,PQR_NF_29,2016-05-23,GET_CARD_CVV2
2134271491,SSCPA,2016-05-23,GET_CARD_CVV2
2134271492,SSCPA,2016-05-23,GET_CARD_CVV2
2134271493,SSCPA,2016-05-23,GET_CARD_CVV2
2134271494,SSCPA,2016-05-23,GET_CARD_CVV2
2134271495,Rainy Day,2016-05-23,TRANS_HISTORY_ADV
2134271496,SSCPA,2016-05-23,GET_CARD_CVV2
2134271497,SSCPA,2016-05-23,GET_CARD_CVV2
2134271498,SSCPA,2016-05-23,GET_CARD_CVV2
2134271499,SSCPA,2016-05-23,GET_CARD_CVV2
2134271500,SSCPA,2016-05-23,GET_CARD_CVV2
2134271501,SSCPA,2016-05-23,GET_CARD_CVV2
2134271502,SSCPA,2016-05-23,GET_CARD_CVV2
2134271503,SSCPA,2016-05-23,GET_CARD_CVV2
2134271504,SSCPA,2016-05-23,GET_CARD_CVV2
2134271505,SSCPA,2016-05-23,GET_CARD_CVV2
2134271507,SSCPA,2016-05-23,GET_CARD_CVV2
2134271508,SSCPA,2016-05-23,GET_CARD_CVV2
2134271509,Instant Issue,2016-05-23,GET_CARD_CVV2
2134271510,Instant Issue,2016-05-23,GET_CARD_CVV2
2134271511,Flex Cash,2016-05-23,GET_CARD_CVV2
2134271512,Flex Cash,2016-05-23,GET_CARD_CVV2
2134271513,SSCPA,2016-05-23,GET_CARD_CVV2
2134271514,SSCPA,2016-05-23,GET_CARD_CVV2
2134271515,SSCPA,2016-05-23,GET_CARD_CVV2
2134271516,SSCPA,2016-05-23,GET_CARD_CVV2
2134271517,SSCPA,2016-05-23,GET_CARD_CVV2
2134271518,SSCPA,2016-05-23,GET_CARD_CVV2
2134271519,SSCPA,2016-05-23,GET_CARD_CVV2
2134271520,SSCPA,2016-05-23,GET_CARD_CVV2
2134271521,SSCPA,2016-05-23,GET_CARD_CVV2
2134271522,SSCPA,2016-05-23,GET_CARD_CVV2
2134271526,SPurse-05,2016-05-23,GET_CARD_CVV2
2134271527,Test_07,2016-05-23,GET_CARD_CVV2
2134271528,Kiwi-Pin,2016-05-23,SET_CARD_STATUS
2134271529,Test_07,2016-05-23,GET_CARD_CVV2
2134271531,MOB_SUP_4,2016-05-23,GET_CARD_CVV2
2134271532,MOB_SUP_4,2016-05-23,GET_CARD_CVV2
2134271533,SSCPA,2016-05-23,GET_CARD_CVV2
2134271535,SSCPA,2016-05-23,GET_CARD_CVV2
2134271537,SPurse-01,2016-05-23,GET_CARD_CVV2
2134271539,MC-CP0211,2016-05-23,GET_CARD_CVV2
2134271541,MC-CP0211,2016-05-23,GET_CARD_CVV2
2134271543,an003,2016-05-23,GET_CARD_CVV2
2134271548,Kiwi-Pin,2016-05-23,SET_CARD_STATUS
2134271552,Kiwi-Pin,2016-05-23,SET_CARD_STATUS
2134271558,Kiwi-Pin,2016-05-23,SET_CARD_STATUS
2134271560,mnasir-QA,2016-05-23,WS_WITHD
2134271561,Rainy Day,2016-05-23,TRANS_HISTORY_ADV
2134271562,Rainy Day,2016-05-23,TRANS_HISTORY_ADV
2134271563,Rainy Day,2016-05-23,TRANS_HISTORY_ADV
2134271564,mnasir-QA,2016-05-23,WS_WITHD
2134271565,mnasir-QA,2016-05-23,WS_WITHD
2134271566,mnasir-QA,2016-05-23,WS_WITHD
2134271567,mnasir-QA,2016-05-23,WS_WITHD
2134271582,Rainy Day,2016-05-23,TRANS_HISTORY_ADV
2134271584,mnasir-QA,2016-05-23,WS_WITHD
2134271585,mnasir-QA,2016-05-23,WS_WITHD
2134271586,Rainy Day,2016-05-23,TRANS_HISTORY_ADV
2134271596,amehmood-QA,2016-05-23,GET_PIN_INFO_CARDNO
2134271597,amehmood-QA,2016-05-23,WSERVICE_BI
2134271598,amehmood-QA,2016-05-23,WSERVICE_BI
2134271599,amehmood-QA,2016-05-23,WSERVICE_BI
2134271600,amehmood-QA,2016-05-23,WSERVICE_BI
2134271601,amehmood-QA,2016-05-23,WSERVICE_BI
2134271602,mnasir-QA,2016-05-23,WS_WITHD
2134271603,amehmood-QA,2016-05-23,WSERVICE_BI
2134271604,Rainy Day,2016-05-23,MOBILE_LOGIN
2134271605,Rainy Day,2016-05-23,MOBILE_LOGIN
2134271606,Rainy Day,2016-05-23,MOBILE_LOGIN
2134271607,Rainy Day,2016-05-23,MOBILE_LOGIN
2134271608,Rainy Day,2016-05-23,ATM_BI
2134271610,SSCPA,2016-05-23,ATM_BI
2134271611,SSCPA,2016-05-23,ATM_BI
2134271612,SSCPA,2016-05-23,GET_CARD_CVV2
2134271613,SSCPA,2016-05-23,GET_CARD_CVV2
2134271614,SSCPA,2016-05-23,GET_CARD_CVV2
2134271615,SSCPA,2016-05-23,GET_CARD_CVV2
2134271617,SPurse-05,2016-05-23,GET_CARD_CVV2
2134271618,Test_07,2016-05-23,GET_CARD_CVV2
2134271619,Test_07,2016-05-23,GET_CARD_CVV2
2134271620,MOB_SUP_4,2016-05-23,GET_CARD_CVV2
2134271621,MOB_SUP_4,2016-05-23,GET_CARD_CVV2
2134271623,Mob_Pur_01,2016-05-23,GET_CARD_CVV2
2134271624,Mob_Pur_01,2016-05-23,GET_CARD_CVV2
2134271626,MOB_CAD,2016-05-23,GET_CARD_CVV2
2134271627,MOB_CAD,2016-05-23,GET_CARD_CVV2
2134271628,PQR_NF_29,2016-05-23,GET_CARD_CVV2
2134271629,PQR_NF_29,2016-05-23,GET_CARD_CVV2
2134271630,SSCPA,2016-05-23,GET_CARD_CVV2
2134271631,SSCPA,2016-05-23,GET_CARD_CVV2
2134271632,SSCPA,2016-05-23,GET_CARD_CVV2
2134271634,SSCPA,2016-05-23,GET_CARD_CVV2
2134271635,SSCPA,2016-05-23,GET_CARD_CVV2
2134271636,SSCPA,2016-05-23,GET_CARD_CVV2
2134271638,SSCPA,2016-05-23,GET_CARD_CVV2
2134271640,SSCPA,2016-05-23,GET_CARD_CVV2
2134271641,SSCPA,2016-05-23,GET_CARD_CVV2
2134271642,SSCPA,2016-05-23,GET_CARD_CVV2
2134271643,SSCPA,2016-05-23,GET_CARD_CVV2
2134271644,SSCPA,2016-05-23,GET_CARD_CVV2
2134271645,SSCPA,2016-05-23,GET_CARD_CVV2
2134271646,SSCPA,2016-05-23,GET_CARD_CVV2
2134271649,SSCPA,2016-05-23,GET_CARD_CVV2
2134271650,SSCPA,2016-05-23,GET_CARD_CVV2
2134271651,Instant Issue,2016-05-23,GET_CARD_CVV2
2134271652,Instant Issue,2016-05-23,GET_CARD_CVV2
2134271653,Flex Cash,2016-05-23,GET_CARD_CVV2
2134271654,Flex Cash,2016-05-23,GET_CARD_CVV2
2134271655,SSCPA,2016-05-23,GET_CARD_CVV2
2134271656,SSCPA,2016-05-23,GET_CARD_CVV2
2134271657,SSCPA,2016-05-23,GET_CARD_CVV2
2134271658,SSCPA,2016-05-23,GET_CARD_CVV2
2134271659,SSCPA,2016-05-23,GET_CARD_CVV2
2134271660,SSCPA,2016-05-23,GET_CARD_CVV2
2134271862,SSCPA,2016-05-23,ATM_BI
2134271863,Rainy Day,2016-05-23,TRANS_HISTORY_ADV
2134271864,SSCPA,2016-05-23,GET_CARD_CVV2
2134271865,SSCPA,2016-05-23,GET_CARD_CVV2
2134271866,SSCPA,2016-05-23,GET_CARD_CVV2
2134271867,SSCPA,2016-05-23,GET_CARD_CVV2
2134271869,SPurse-05,2016-05-23,GET_CARD_CVV2
2134271870,mnasir-QA,2016-05-23,WS_WITHD
2134271871,Test_07,2016-05-23,GET_CARD_CVV2
2134271872,Test_07,2016-05-23,GET_CARD_CVV2
2134271873,MOB_SUP_4,2016-05-23,GET_CARD_CVV2
2134271874,MOB_SUP_4,2016-05-23,GET_CARD_CVV2
2134271875,Mob_Pur_01,2016-05-23,GET_CARD_CVV2
2134271876,Mob_Pur_01,2016-05-23,GET_CARD_CVV2
2134271877,MOB_CAD,2016-05-23,GET_CARD_CVV2
2134271878,MOB_CAD,2016-05-23,GET_CARD_CVV2
2134271879,PQR_NF_29,2016-05-23,GET_CARD_CVV2
2134271880,PQR_NF_29,2016-05-23,GET_CARD_CVV2
2134271881,SSCPA,2016-05-23,GET_CARD_CVV2
2134271882,SSCPA,2016-05-23,GET_CARD_CVV2
2134271883,SSCPA,2016-05-23,GET_CARD_CVV2
2134271884,SSCPA,2016-05-23,GET_CARD_CVV2
2134271885,mnasir-QA,2016-05-23,WS_WITHD
2134271886,SSCPA,2016-05-23,GET_CARD_CVV2
2134271887,SSCPA,2016-05-23,GET_CARD_CVV2
2134271888,SSCPA,2016-05-23,GET_CARD_CVV2
2134271889,SSCPA,2016-05-23,GET_CARD_CVV2
2134271890,SSCPA,2016-05-23,GET_CARD_CVV2
2134271891,SSCPA,2016-05-23,GET_CARD_CVV2
2134271892,SSCPA,2016-05-23,GET_CARD_CVV2
2134271893,SSCPA,2016-05-23,GET_CARD_CVV2
2134271894,SSCPA,2016-05-23,GET_CARD_CVV2
2134271895,SSCPA,2016-05-23,GET_CARD_CVV2
2134271897,SSCPA,2016-05-23,GET_CARD_CVV2
2134271898,SSCPA,2016-05-23,GET_CARD_CVV2
2134271899,Instant Issue,2016-05-23,GET_CARD_CVV2
2134271900,Instant Issue,2016-05-23,GET_CARD_CVV2
2134271901,Flex Cash,2016-05-23,GET_CARD_CVV2
2134271902,Flex Cash,2016-05-23,GET_CARD_CVV2
2134271903,SSCPA,2016-05-23,GET_CARD_CVV2
2134271904,SSCPA,2016-05-23,GET_CARD_CVV2
2134271905,SSCPA,2016-05-23,GET_CARD_CVV2
2134271906,SSCPA,2016-05-23,GET_CARD_CVV2
2134271907,SSCPA,2016-05-23,GET_CARD_CVV2
2134271908,SSCPA,2016-05-23,GET_CARD_CVV2
2134271909,SSCPA,2016-05-23,GET_CARD_CVV2
2134271910,SSCPA,2016-05-23,GET_CARD_CVV2
2134271911,SSCPA,2016-05-23,GET_CARD_CVV2
2134271912,SSCPA,2016-05-23,GET_CARD_CVV2
2134271913,Rainy Day,2016-05-23,MOBILE_LOGIN
2134271915,Rainy Day,2016-05-23,ATM_BI
2134271916,SPurse-05,2016-05-23,GET_CARD_CVV2
2134271917,Gift Program,2016-05-23,GET_CARD_CVV2
2134271918,Test_07,2016-05-23,GET_CARD_CVV2
2134271919,Test_07,2016-05-23,GET_CARD_CVV2
2134271921,MOB_SUP_4,2016-05-23,GET_CARD_CVV2
2134271922,MOB_SUP_4,2016-05-23,GET_CARD_CVV2
2134271923,SSCPA,2016-05-23,GET_CARD_CVV2
2134271924,SSCPA,2016-05-23,GET_CARD_CVV2
2134271925,SPurse-01,2016-05-23,GET_CARD_CVV2
2134271927,MC-CP0211,2016-05-23,GET_CARD_CVV2
2134271928,MC-CP0211,2016-05-23,GET_CARD_CVV2
2134271929,an003,2016-05-23,GET_CARD_CVV2
2134271930,Rainy Day,2016-05-23,TRANS_HISTORY_ADV
2134271931,Rainy Day,2016-05-23,TRANS_HISTORY_ADV
2134271932,Rainy Day,2016-05-23,CARD_REISSUE
2134271933,Rainy Day,2016-05-23,CARD_REISSUE
2134271934,Rainy Day,2016-05-23,TRANS_HISTORY_ADV
2134271935,Rainy Day,2016-05-23,MOBILE_LOGIN
2134271936,Rainy Day,2016-05-23,ATM_BI
2134271937,Gift Program,2016-05-23,GET_CARD_CVV2
2134271938,Rainy Day,2016-05-23,MOBILE_LOGIN
2134271939,Rainy Day,2016-05-23,ATM_BI
2134271940,Gift Program,2016-05-23,GET_CARD_CVV2
2134271944,Rainy Day,2016-05-23,TRANS_HISTORY_ADV
2134271946,Rainy Day,2016-05-23,TRANS_HISTORY_ADV
2134271947,Rainy Day,2016-05-23,MOBILE_LOGIN
2134271951,Rainy Day,2016-05-23,ATM_BI
2134271955,Gift Program,2016-05-23,GET_CARD_CVV2
2134271965,Rainy Day,2016-05-23,CARD_REISSUE
2134271967,Rainy Day,2016-05-23,CARD_REISSUE
2134271985,Rainy Day,2016-05-23,TRANS_HISTORY_ADV
2134271986,Rainy Day,2016-05-23,TRANS_HISTORY_ADV
2134271987,Rainy Day,2016-05-23,MOBILE_LOGIN
2134271988,Rainy Day,2016-05-23,MOBILE_LOGIN
2134271989,Rainy Day,2016-05-23,ATM_BI
2134271991,SSCPA,2016-05-23,ATM_BI
2134271992,SSCPA,2016-05-23,ATM_BI
2134271993,SSCPA,2016-05-23,GET_CARD_CVV2
2134271994,SSCPA,2016-05-23,GET_CARD_CVV2
2134271995,SSCPA,2016-05-23,GET_CARD_CVV2
2134271996,SSCPA,2016-05-23,GET_CARD_CVV2
2134271998,SPurse-05,2016-05-23,GET_CARD_CVV2
2134271999,Test_07,2016-05-23,GET_CARD_CVV2
2134272000,Test_07,2016-05-23,GET_CARD_CVV2
2134272001,MOB_SUP_4,2016-05-23,GET_CARD_CVV2
2134272002,MOB_SUP_4,2016-05-23,GET_CARD_CVV2
2134272003,Mob_Pur_01,2016-05-23,GET_CARD_CVV2
2134272004,Mob_Pur_01,2016-05-23,GET_CARD_CVV2
2134272005,MOB_CAD,2016-05-23,GET_CARD_CVV2
2134272006,MOB_CAD,2016-05-23,GET_CARD_CVV2
2134272007,PQR_NF_29,2016-05-23,GET_CARD_CVV2
2134272008,PQR_NF_29,2016-05-23,GET_CARD_CVV2
2134272009,SSCPA,2016-05-23,GET_CARD_CVV2
2134272010,SSCPA,2016-05-23,GET_CARD_CVV2
2134272011,SSCPA,2016-05-23,GET_CARD_CVV2
2134272012,SSCPA,2016-05-23,GET_CARD_CVV2
2134272013,SSCPA,2016-05-23,GET_CARD_CVV2
2134272014,SSCPA,2016-05-23,GET_CARD_CVV2
2134272015,SSCPA,2016-05-23,GET_CARD_CVV2
2134272016,SSCPA,2016-05-23,GET_CARD_CVV2
2134272017,SSCPA,2016-05-23,GET_CARD_CVV2
2134272018,SSCPA,2016-05-23,GET_CARD_CVV2
2134272019,SSCPA,2016-05-23,GET_CARD_CVV2
2134272021,SSCPA,2016-05-23,GET_CARD_CVV2
2134272022,SSCPA,2016-05-23,GET_CARD_CVV2
2134272023,SSCPA,2016-05-23,GET_CARD_CVV2
2134272026,SSCPA,2016-05-23,GET_CARD_CVV2
2134272027,SSCPA,2016-05-23,GET_CARD_CVV2
2134272028,Instant Issue,2016-05-23,GET_CARD_CVV2
2134272029,Instant Issue,2016-05-23,GET_CARD_CVV2
2134272030,Flex Cash,2016-05-23,GET_CARD_CVV2
2134272031,Flex Cash,2016-05-23,GET_CARD_CVV2
2134272032,SSCPA,2016-05-23,GET_CARD_CVV2
2134272033,SSCPA,2016-05-23,GET_CARD_CVV2
2134272034,SSCPA,2016-05-23,GET_CARD_CVV2
2134272035,SSCPA,2016-05-23,GET_CARD_CVV2
2134272036,SSCPA,2016-05-23,GET_CARD_CVV2
2134272037,SSCPA,2016-05-23,GET_CARD_CVV2
2134272038,SSCPA,2016-05-23,GET_CARD_CVV2
2134272039,SSCPA,2016-05-23,GET_CARD_CVV2
2134272040,SSCPA,2016-05-23,GET_CARD_CVV2
2134272041,SSCPA,2016-05-23,GET_CARD_CVV2
2134272043,SPurse-05,2016-05-23,GET_CARD_CVV2
2134272044,Test_07,2016-05-23,GET_CARD_CVV2
2134272045,Test_07,2016-05-23,GET_CARD_CVV2
2134272047,MOB_SUP_4,2016-05-23,GET_CARD_CVV2
2134272048,MOB_SUP_4,2016-05-23,GET_CARD_CVV2
2134272049,SSCPA,2016-05-23,GET_CARD_CVV2
2134272050,SSCPA,2016-05-23,GET_CARD_CVV2
2134272051,SPurse-01,2016-05-23,GET_CARD_CVV2
2134272053,MC-CP0211,2016-05-23,GET_CARD_CVV2
2134272054,MC-CP0211,2016-05-23,GET_CARD_CVV2
2134272055,an003,2016-05-23,GET_CARD_CVV2
2134272056,Rainy Day,2016-05-23,TRANS_HISTORY_ADV
2134272057,Rainy Day,2016-05-23,TRANS_HISTORY_ADV
2134272058,Rainy Day,2016-05-23,TRANS_HISTORY_ADV
2134272059,Rainy Day,2016-05-23,MOBILE_LOGIN
2134272060,Rainy Day,2016-05-23,ATM_BI
2134272062,SSCPA,2016-05-23,ATM_BI
2134271661,SSCPA,2016-05-23,GET_CARD_CVV2
2134271662,SSCPA,2016-05-23,GET_CARD_CVV2
2134271663,SSCPA,2016-05-23,GET_CARD_CVV2
2134271664,SSCPA,2016-05-23,GET_CARD_CVV2
2134271666,SPurse-05,2016-05-23,GET_CARD_CVV2
2134271667,Test_07,2016-05-23,GET_CARD_CVV2
2134271668,Test_07,2016-05-23,GET_CARD_CVV2
2134271670,MOB_SUP_4,2016-05-23,GET_CARD_CVV2
2134271671,MOB_SUP_4,2016-05-23,GET_CARD_CVV2
2134271672,SSCPA,2016-05-23,GET_CARD_CVV2
2134271673,SSCPA,2016-05-23,GET_CARD_CVV2
2134271674,SPurse-01,2016-05-23,GET_CARD_CVV2
2134271676,MC-CP0211,2016-05-23,GET_CARD_CVV2
2134271677,MC-CP0211,2016-05-23,GET_CARD_CVV2
2134271678,an003,2016-05-23,GET_CARD_CVV2
2134271679,Rainy Day,2016-05-23,TRANS_HISTORY_ADV
2134271680,Rainy Day,2016-05-23,MOBILE_LOGIN
2134271681,Rainy Day,2016-05-23,ATM_BI
2134271682,Rainy Day,2016-05-23,ATM_BI
2134271685,SSCPA,2016-05-23,ATM_BI
2134271686,SSCPA,2016-05-23,ATM_BI
2134271687,SSCPA,2016-05-23,ATM_BI
2134271688,SSCPA,2016-05-23,ATM_BI
2134271689,SSCPA,2016-05-23,ATM_BI
2134271690,SSCPA,2016-05-23,ATM_BI
2134271691,SSCPA,2016-05-23,ATM_BI
2134271692,SSCPA,2016-05-23,ATM_BI
2134271693,TestCreditCard,2016-05-23,ATM_BI
2134271694,SPurse-05,2016-05-23,ATM_BI
2134271695,Test_07,2016-05-23,ATM_BI
2134271696,MOB_SUP_4,2016-05-23,ATM_BI
2134271697,Mob_Pur_01,2016-05-23,ATM_BI
2134271698,MOB_CAD,2016-05-23,ATM_BI
2134271699,PQR_NF_29,2016-05-23,ATM_BI
2134271700,SSCPA,2016-05-23,ATM_BI
2134271701,SSCPA,2016-05-23,ATM_BI
2134271702,SSCPA,2016-05-23,ATM_BI
2134271703,SSCPA,2016-05-23,ATM_BI
2134271704,SSCPA,2016-05-23,ATM_BI
2134271705,SSCPA,2016-05-23,ATM_BI
2134271706,SSCPA,2016-05-23,ATM_BI
2134271707,SSCPANEW,2016-05-23,ATM_BI
2134271708,SSCPA,2016-05-23,ATM_BI
2134271709,Instant Issue,2016-05-23,ATM_BI
2134271710,Flex Cash,2016-05-23,ATM_BI
2134271711,SSCPA,2016-05-23,ATM_BI
2134271712,SSCPA,2016-05-23,ATM_BI
2134271713,SSCPA,2016-05-23,ATM_BI
2134271714,SSCPA,2016-05-23,ATM_BI
2134271715,SSCPA,2016-05-23,ATM_BI
2134271716,TestCreditCard,2016-05-23,ATM_BI
2134271717,SPurse-05,2016-05-23,ATM_BI
2134271718,Test_07,2016-05-23,ATM_BI
2134271719,Bugi,2016-05-23,ATM_BI
2134271720,MOB_SUP_4,2016-05-23,ATM_BI
2134271721,SSCPA,2016-05-23,ATM_BI
2134271722,SPurse-01,2016-05-23,ATM_BI
2134271723,australiandollar,2016-05-23,ATM_BI
2134271724,MC-CP0211,2016-05-23,ATM_BI
2134271725,an003,2016-05-23,ATM_BI
2134271726,myscard1,2016-05-23,ATM_BI
2134271727,SSCPA,2016-05-23,GET_CARD_CVV2
2134271728,SSCPA,2016-05-23,GET_CARD_CVV2
2134271730,SPurse-05,2016-05-23,GET_CARD_CVV2
2134271731,Test_07,2016-05-23,GET_CARD_CVV2
2134271732,Test_07,2016-05-23,GET_CARD_CVV2
2134271734,MOB_SUP_4,2016-05-23,GET_CARD_CVV2
2134271735,MOB_SUP_4,2016-05-23,GET_CARD_CVV2
2134271736,Mob_Pur_01,2016-05-23,GET_CARD_CVV2
2134271737,Mob_Pur_01,2016-05-23,GET_CARD_CVV2
2134271739,MOB_CAD,2016-05-23,GET_CARD_CVV2
2134271741,MOB_CAD,2016-05-23,GET_CARD_CVV2
2134271742,PQR_NF_29,2016-05-23,GET_CARD_CVV2
2134271743,PQR_NF_29,2016-05-23,GET_CARD_CVV2
2134271744,SSCPA,2016-05-23,GET_CARD_CVV2
2134271745,SSCPA,2016-05-23,GET_CARD_CVV2
2134271746,SSCPA,2016-05-23,GET_CARD_CVV2
2134271747,SSCPA,2016-05-23,GET_CARD_CVV2
2134271748,SSCPA,2016-05-23,GET_CARD_CVV2
2134271749,SSCPA,2016-05-23,GET_CARD_CVV2
2134271750,SSCPA,2016-05-23,GET_CARD_CVV2
2134271752,SSCPA,2016-05-23,GET_CARD_CVV2
2134271754,Instant Issue,2016-05-23,GET_CARD_CVV2
2134271756,Instant Issue,2016-05-23,GET_CARD_CVV2
2134271757,Flex Cash,2016-05-23,GET_CARD_CVV2
2134271758,Flex Cash,2016-05-23,GET_CARD_CVV2
2134271759,SSCPA,2016-05-23,GET_CARD_CVV2
2134271761,SSCPA,2016-05-23,GET_CARD_CVV2
2134271762,SSCPA,2016-05-23,GET_CARD_CVV2
2134271763,SSCPA,2016-05-23,GET_CARD_CVV2
2134271764,SSCPA,2016-05-23,GET_CARD_CVV2
2134271766,SPurse-05,2016-05-23,GET_CARD_CVV2
2134271767,Test_07,2016-05-23,GET_CARD_CVV2
2134271768,Test_07,2016-05-23,GET_CARD_CVV2
2134271770,MOB_SUP_4,2016-05-23,GET_CARD_CVV2
2134271771,MOB_SUP_4,2016-05-23,GET_CARD_CVV2
2134271772,SSCPA,2016-05-23,GET_CARD_CVV2
2134271773,SPurse-01,2016-05-23,GET_CARD_CVV2
2134271775,MC-CP0211,2016-05-23,GET_CARD_CVV2
2134271776,MC-CP0211,2016-05-23,GET_CARD_CVV2
2134271777,an003,2016-05-23,GET_CARD_CVV2
2134271779,Rainy Day,2016-05-23,MOBILE_LOGIN
2134271780,Rainy Day,2016-05-23,ATM_BI
2134271782,SSCPA,2016-05-23,ATM_BI
2134271783,SSCPA,2016-05-23,ATM_BI
2134271784,SSCPA,2016-05-23,GET_CARD_CVV2
2134271785,SSCPA,2016-05-23,GET_CARD_CVV2
2134271786,SSCPA,2016-05-23,GET_CARD_CVV2
2134271787,SSCPA,2016-05-23,GET_CARD_CVV2
2134271789,SPurse-05,2016-05-23,GET_CARD_CVV2
2134271790,Test_07,2016-05-23,GET_CARD_CVV2
2134271791,Test_07,2016-05-23,GET_CARD_CVV2
2134271792,null,2016-05-23,USER_REGISTRATION
2134271793,MOB_SUP_4,2016-05-23,GET_CARD_CVV2
2134271794,null,2016-05-23,USER_REGISTRATION
2134271795,MOB_SUP_4,2016-05-23,GET_CARD_CVV2
2134271796,Mob_Pur_01,2016-05-23,GET_CARD_CVV2
2134271797,Mob_Pur_01,2016-05-23,GET_CARD_CVV2
2134271798,MOB_CAD,2016-05-23,GET_CARD_CVV2
2134271799,MOB_CAD,2016-05-23,GET_CARD_CVV2
2134271800,PQR_NF_29,2016-05-23,GET_CARD_CVV2
2134271801,PQR_NF_29,2016-05-23,GET_CARD_CVV2
2134271802,SSCPA,2016-05-23,GET_CARD_CVV2
2134271803,SSCPA,2016-05-23,GET_CARD_CVV2
2134271804,SSCPA,2016-05-23,GET_CARD_CVV2
2134271805,SSCPA,2016-05-23,GET_CARD_CVV2
2134271806,SSCPA,2016-05-23,GET_CARD_CVV2
2134271807,SSCPA,2016-05-23,GET_CARD_CVV2
2134271808,SSCPA,2016-05-23,GET_CARD_CVV2
2134271809,SSCPA,2016-05-23,GET_CARD_CVV2
2134271810,SSCPA,2016-05-23,GET_CARD_CVV2
2134271811,SSCPA,2016-05-23,GET_CARD_CVV2
2134271812,SSCPA,2016-05-23,GET_CARD_CVV2
2134271813,SSCPA,2016-05-23,GET_CARD_CVV2
2134271814,SSCPA,2016-05-23,GET_CARD_CVV2
2134271815,SSCPA,2016-05-23,GET_CARD_CVV2
2134271817,SSCPA,2016-05-23,GET_CARD_CVV2
2134271818,SSCPA,2016-05-23,GET_CARD_CVV2
2134271819,Instant Issue,2016-05-23,GET_CARD_CVV2
2134271820,Instant Issue,2016-05-23,GET_CARD_CVV2
2134271821,Flex Cash,2016-05-23,GET_CARD_CVV2
2134271822,Flex Cash,2016-05-23,GET_CARD_CVV2
2134271823,SSCPA,2016-05-23,GET_CARD_CVV2
2134271824,SSCPA,2016-05-23,GET_CARD_CVV2
2134271825,SSCPA,2016-05-23,GET_CARD_CVV2
2134271826,SSCPA,2016-05-23,GET_CARD_CVV2
2134271827,SSCPA,2016-05-23,GET_CARD_CVV2
2134271828,SSCPA,2016-05-23,GET_CARD_CVV2
2134271829,SSCPA,2016-05-23,GET_CARD_CVV2
2134271830,SSCPA,2016-05-23,GET_CARD_CVV2
2134271831,SSCPA,2016-05-23,GET_CARD_CVV2
2134271832,SSCPA,2016-05-23,GET_CARD_CVV2
2134271834,SPurse-05,2016-05-23,GET_CARD_CVV2
2134271835,Test_07,2016-05-23,GET_CARD_CVV2
2134271836,Test_07,2016-05-23,GET_CARD_CVV2
2134271838,MOB_SUP_4,2016-05-23,GET_CARD_CVV2
2134271839,MOB_SUP_4,2016-05-23,GET_CARD_CVV2
2134271840,SSCPA,2016-05-23,GET_CARD_CVV2
2134271841,SSCPA,2016-05-23,GET_CARD_CVV2
2134271842,SPurse-01,2016-05-23,GET_CARD_CVV2
2134271844,MC-CP0211,2016-05-23,GET_CARD_CVV2
2134271845,MC-CP0211,2016-05-23,GET_CARD_CVV2
2134271846,an003,2016-05-23,GET_CARD_CVV2
2134271847,null,2016-05-23,USER_REGISTRATION
2134271848,null,2016-05-23,USER_REGISTRATION
2134271849,Rainy Day,2016-05-23,TRANS_HISTORY_ADV
2134271850,mnasir-QA,2016-05-23,WS_WITHD
2134271851,mnasir-QA,2016-05-23,WS_WITHD
2134271852,mnasir-QA,2016-05-23,WS_WITHD
2134271853,mnasir-QA,2016-05-23,WS_WITHD
2134271854,Rainy Day,2016-05-23,MOBILE_LOGIN
2134271855,Rainy Day,2016-05-23,ATM_BI
2134271856,Gift Program,2016-05-23,GET_CARD_CVV2
2134271857,Rainy Day,2016-05-23,TRANS_HISTORY_ADV
2134271858,Rainy Day,2016-05-23,MOBILE_LOGIN
2134271859,Rainy Day,2016-05-23,ATM_BI
2134271861,SSCPA,2016-05-23,ATM_BI
2134272063,SSCPA,2016-05-23,ATM_BI
2134272064,SSCPA,2016-05-23,GET_CARD_CVV2
2134272065,SSCPA,2016-05-23,GET_CARD_CVV2
2134272066,SSCPA,2016-05-23,GET_CARD_CVV2
2134272067,SSCPA,2016-05-23,GET_CARD_CVV2
2134272069,SPurse-05,2016-05-23,GET_CARD_CVV2
2134272070,Test_07,2016-05-23,GET_CARD_CVV2
2134272071,Test_07,2016-05-23,GET_CARD_CVV2
2134272072,MOB_SUP_4,2016-05-23,GET_CARD_CVV2
2134272073,MOB_SUP_4,2016-05-23,GET_CARD_CVV2
2134272074,Mob_Pur_01,2016-05-23,GET_CARD_CVV2
2134272075,Mob_Pur_01,2016-05-23,GET_CARD_CVV2
2134272076,MOB_CAD,2016-05-23,GET_CARD_CVV2
2134272077,MOB_CAD,2016-05-23,GET_CARD_CVV2
2134272078,PQR_NF_29,2016-05-23,GET_CARD_CVV2
2134272079,PQR_NF_29,2016-05-23,GET_CARD_CVV2
2134272080,Rainy Day,2016-05-23,TRANS_HISTORY_ADV
2134272081,SSCPA,2016-05-23,GET_CARD_CVV2
2134272082,Rainy Day,2016-05-23,TRANS_HISTORY_ADV
2134272083,SSCPA,2016-05-23,GET_CARD_CVV2
2134272084,SSCPA,2016-05-23,GET_CARD_CVV2
2134272085,SSCPA,2016-05-23,GET_CARD_CVV2
2134272086,Rainy Day,2016-05-23,TRANS_HISTORY_ADV
2134272087,SSCPA,2016-05-23,GET_CARD_CVV2
2134272088,SSCPA,2016-05-23,GET_CARD_CVV2
2134272089,SSCPA,2016-05-23,GET_CARD_CVV2
2134272090,SSCPA,2016-05-23,GET_CARD_CVV2
2134272091,SSCPA,2016-05-23,GET_CARD_CVV2
2134272092,SSCPA,2016-05-23,GET_CARD_CVV2
2134272093,SSCPA,2016-05-23,GET_CARD_CVV2
2134272094,SSCPA,2016-05-23,GET_CARD_CVV2
2134272095,SSCPA,2016-05-23,GET_CARD_CVV2
2134272096,SSCPA,2016-05-23,GET_CARD_CVV2
2134272098,SSCPA,2016-05-23,GET_CARD_CVV2
2134272099,SSCPA,2016-05-23,GET_CARD_CVV2
2134272100,Instant Issue,2016-05-23,GET_CARD_CVV2
2134272101,Instant Issue,2016-05-23,GET_CARD_CVV2
2134272102,Flex Cash,2016-05-23,GET_CARD_CVV2
2134272103,Flex Cash,2016-05-23,GET_CARD_CVV2
2134272104,SSCPA,2016-05-23,GET_CARD_CVV2
2134272105,SSCPA,2016-05-23,GET_CARD_CVV2
2134272106,SSCPA,2016-05-23,GET_CARD_CVV2
2134272107,SSCPA,2016-05-23,GET_CARD_CVV2
2134272108,SSCPA,2016-05-23,GET_CARD_CVV2
2134272109,SSCPA,2016-05-23,GET_CARD_CVV2
2134272110,SSCPA,2016-05-23,GET_CARD_CVV2
2134272111,SSCPA,2016-05-23,GET_CARD_CVV2
2134272112,SSCPA,2016-05-23,GET_CARD_CVV2
2134272113,SSCPA,2016-05-23,GET_CARD_CVV2
2134272115,SPurse-05,2016-05-23,GET_CARD_CVV2
2134272116,Test_07,2016-05-23,GET_CARD_CVV2
2134272117,Test_07,2016-05-23,GET_CARD_CVV2
2134272119,MOB_SUP_4,2016-05-23,GET_CARD_CVV2
2134272120,MOB_SUP_4,2016-05-23,GET_CARD_CVV2
2134272121,SSCPA,2016-05-23,GET_CARD_CVV2
2134272122,SSCPA,2016-05-23,GET_CARD_CVV2
2134272123,SPurse-01,2016-05-23,GET_CARD_CVV2
2134272125,MC-CP0211,2016-05-23,GET_CARD_CVV2
2134272126,MC-CP0211,2016-05-23,GET_CARD_CVV2
2134272127,an003,2016-05-23,GET_CARD_CVV2
2134272135,Rainy Day,2016-05-23,TRANS_HISTORY_ADV
2134272141,Rainy Day,2016-05-23,TRANS_HISTORY_ADV
2134272166,Rainy Day,2016-05-23,MOBILE_LOGIN
2134272167,Rainy Day,2016-05-23,ATM_BI
2134272170,SSCPA,2016-05-23,ATM_BI
2134272171,SSCPA,2016-05-23,ATM_BI
2134272174,Kiwi-Pin,2016-05-23,SET_CARD_STATUS
2134272176,SSCPA,2016-05-23,GET_CARD_CVV2
2134272177,SSCPA,2016-05-23,GET_CARD_CVV2
2134272178,SSCPA,2016-05-23,GET_CARD_CVV2
2134272179,SSCPA,2016-05-23,GET_CARD_CVV2
2134272181,SPurse-05,2016-05-23,GET_CARD_CVV2
2134272182,Test_07,2016-05-23,GET_CARD_CVV2
2134272183,Test_07,2016-05-23,GET_CARD_CVV2
2134272184,MOB_SUP_4,2016-05-23,GET_CARD_CVV2
2134272185,MOB_SUP_4,2016-05-23,GET_CARD_CVV2
2134272186,Mob_Pur_01,2016-05-23,GET_CARD_CVV2
2134272187,Mob_Pur_01,2016-05-23,GET_CARD_CVV2
2134272188,MOB_CAD,2016-05-23,GET_CARD_CVV2
2134272189,MOB_CAD,2016-05-23,GET_CARD_CVV2
2134272190,PQR_NF_29,2016-05-23,GET_CARD_CVV2
2134272191,PQR_NF_29,2016-05-23,GET_CARD_CVV2
2134272192,SSCPA,2016-05-23,GET_CARD_CVV2
2134272193,SSCPA,2016-05-23,GET_CARD_CVV2
2134272194,SSCPA,2016-05-23,GET_CARD_CVV2
2134272195,SSCPA,2016-05-23,GET_CARD_CVV2
2134272196,SSCPA,2016-05-23,GET_CARD_CVV2
2134272197,SSCPA,2016-05-23,GET_CARD_CVV2
2134272198,SSCPA,2016-05-23,GET_CARD_CVV2
2134272199,SSCPA,2016-05-23,GET_CARD_CVV2
2134272200,SSCPA,2016-05-23,GET_CARD_CVV2
2134272201,SSCPA,2016-05-23,GET_CARD_CVV2
2134272202,SSCPA,2016-05-23,GET_CARD_CVV2
2134272203,SSCPA,2016-05-23,GET_CARD_CVV2
2134272204,SSCPA,2016-05-23,GET_CARD_CVV2
2134272205,SSCPA,2016-05-23,GET_CARD_CVV2
2134272207,SSCPA,2016-05-23,GET_CARD_CVV2
2134272208,SSCPA,2016-05-23,GET_CARD_CVV2
2134272209,Instant Issue,2016-05-23,GET_CARD_CVV2
2134272210,Instant Issue,2016-05-23,GET_CARD_CVV2
2134272211,Flex Cash,2016-05-23,GET_CARD_CVV2
2134272212,Flex Cash,2016-05-23,GET_CARD_CVV2
2134272213,SSCPA,2016-05-23,GET_CARD_CVV2
2134272214,SSCPA,2016-05-23,GET_CARD_CVV2
2134272215,SSCPA,2016-05-23,GET_CARD_CVV2
2134272216,SSCPA,2016-05-23,GET_CARD_CVV2
2134272217,SSCPA,2016-05-23,GET_CARD_CVV2
2134272218,SSCPA,2016-05-23,GET_CARD_CVV2
2134272219,SSCPA,2016-05-23,GET_CARD_CVV2
2134272220,SSCPA,2016-05-23,GET_CARD_CVV2
2134272221,SSCPA,2016-05-23,GET_CARD_CVV2
2134272222,SSCPA,2016-05-23,GET_CARD_CVV2
2134272224,SPurse-05,2016-05-23,GET_CARD_CVV2
2134272225,Test_07,2016-05-23,GET_CARD_CVV2
2134272226,Test_07,2016-05-23,GET_CARD_CVV2
2134272228,MOB_SUP_4,2016-05-23,GET_CARD_CVV2
2134272229,MOB_SUP_4,2016-05-23,GET_CARD_CVV2
2134272230,SSCPA,2016-05-23,GET_CARD_CVV2
2134272231,SSCPA,2016-05-23,GET_CARD_CVV2
2134272232,SPurse-01,2016-05-23,GET_CARD_CVV2
2134272234,MC-CP0211,2016-05-23,GET_CARD_CVV2
2134272235,MC-CP0211,2016-05-23,GET_CARD_CVV2
2134272236,an003,2016-05-23,GET_CARD_CVV2
2134272237,Rainy Day,2016-05-23,TRANS_HISTORY_ADV
2134272238,Rainy Day,2016-05-23,TRANS_HISTORY_ADV
2134272239,Rainy Day,2016-05-23,MOBILE_LOGIN
2134272240,Rainy Day,2016-05-23,ATM_BI
2134272241,Gift Program,2016-05-23,GET_CARD_CVV2
2134272242,Gift Program,2016-05-23,CARD_REISSUE
2134272243,Gift Program,2016-05-23,CARD_REISSUE
2134272250,Rainy Day,2016-05-23,TRANS_HISTORY_ADV
2134272283,Kiwi-Pin,2016-05-23,SET_CARD_STATUS
2134272310,Kiwi-Pin,2016-05-23,SET_CARD_STATUS
2134272315,Kiwi-Pin,2016-05-23,SET_CARD_STATUS
2134272317,Rainy Day,2016-05-23,TRANS_HISTORY_ADV
2134272318,an002,2016-05-23,WS_BI
2134272319,an002,2016-05-23,WS_BI
2134272320,an002,2016-05-23,WS_BI
2134272321,SSCPA,2016-05-23,WS_BI
2134272322,qais,2016-05-23,WS_BI
2134272323,Rainy Day,2016-05-23,TRANS_HISTORY_ADV
2134272324,Rainy Day,2016-05-23,MOBILE_LOGIN
2134272325,Rainy Day,2016-05-23,ATM_BI
2134272326,Gift Program,2016-05-23,GET_CARD_CVV2
2134272345,Kiwi-Pin,2016-05-23,SET_CARD_STATUS
2134272351,Kiwi-Pin,2016-05-23,SET_CARD_STATUS
2134272355,Kiwi-Pin,2016-05-23,SET_CARD_STATUS
2134272361,Kiwi-Pin,2016-05-23,SET_CARD_STATUS
2134272440,Rainy Day,2016-05-24,MOBILE_LOGIN
2134272441,Rainy Day,2016-05-24,ATM_BI
2134272442,Gift Program,2016-05-24,GET_CARD_CVV2
2134272443,Rainy Day,2016-05-24,MOBILE_LOGIN
2134272444,Rainy Day,2016-05-24,ATM_BI
2134272445,Gift Program,2016-05-24,GET_CARD_CVV2
